filename,words
生产日期2024December1204_400.jpg,生产日期2024December1204
生产日期2024December1204_401.jpg,生产日期2024December1204
生产日期2024December1204_402.jpg,生产日期2024December1204
生产日期2024December1204_403.jpg,生产日期2024December1204
生产日期2024December1204_404.jpg,生产日期2024December1204
生产日期2024December1204_405.jpg,生产日期2024December1204
生产日期2024December1204_406.jpg,生产日期2024December1204
生产日期2024December1204_407.jpg,生产日期2024December1204
生产日期2024December1204_408.jpg,生产日期2024December1204
生产日期2024December1204_409.jpg,生产日期2024December1204
生产日期2024December1204_410.jpg,生产日期2024December1204
生产日期2024December1204_411.jpg,生产日期2024December1204
生产日期2024December1204_412.jpg,生产日期2024December1204
生产日期2024December1204_413.jpg,生产日期2024December1204
生产日期2024December1204_414.jpg,生产日期2024December1204
生产日期2024December1204_415.jpg,生产日期2024December1204
生产日期2024December1204_416.jpg,生产日期2024December1204
生产日期2024December1204_417.jpg,生产日期2024December1204
生产日期2024December1204_418.jpg,生产日期2024December1204
生产日期2024December1204_419.jpg,生产日期2024December1204
生产日期2024December1204_420.jpg,生产日期2024December1204
生产日期2024December1204_421.jpg,生产日期2024December1204
生产日期2024December1204_422.jpg,生产日期2024December1204
生产日期2024December1204_423.jpg,生产日期2024December1204
生产日期2024December1204_424.jpg,生产日期2024December1204
生产日期2024December1204_425.jpg,生产日期2024December1204
生产日期2024December1204_426.jpg,生产日期2024December1204
生产日期2024December1204_427.jpg,生产日期2024December1204
生产日期2024December1204_428.jpg,生产日期2024December1204
生产日期2024December1204_429.jpg,生产日期2024December1204
生产日期2024December1204_430.jpg,生产日期2024December1204
生产日期2024December1204_431.jpg,生产日期2024December1204
生产日期2024December1204_432.jpg,生产日期2024December1204
生产日期2024December1204_433.jpg,生产日期2024December1204
生产日期2024December1204_434.jpg,生产日期2024December1204
生产日期2024December1204_435.jpg,生产日期2024December1204
生产日期2024December1204_436.jpg,生产日期2024December1204
生产日期2024December1204_437.jpg,生产日期2024December1204
生产日期2024December1204_438.jpg,生产日期2024December1204
生产日期2024December1204_439.jpg,生产日期2024December1204
生产日期2024December1204_440.jpg,生产日期2024December1204
生产日期2024December1204_441.jpg,生产日期2024December1204
生产日期2024December1204_442.jpg,生产日期2024December1204
生产日期2024December1204_443.jpg,生产日期2024December1204
生产日期2024December1204_444.jpg,生产日期2024December1204
生产日期2024December1204_445.jpg,生产日期2024December1204
生产日期2024December1204_446.jpg,生产日期2024December1204
生产日期2024December1204_447.jpg,生产日期2024December1204
生产日期2024December1204_448.jpg,生产日期2024December1204
生产日期2024December1204_449.jpg,生产日期2024December1204
生产日期2024December1204_450.jpg,生产日期2024December1204
生产日期2024December1204_451.jpg,生产日期2024December1204
生产日期2024December1204_452.jpg,生产日期2024December1204
生产日期2024December1204_453.jpg,生产日期2024December1204
生产日期2024December1204_454.jpg,生产日期2024December1204
生产日期2024December1204_455.jpg,生产日期2024December1204
生产日期2024December1204_456.jpg,生产日期2024December1204
生产日期2024December1204_457.jpg,生产日期2024December1204
生产日期2024December1204_458.jpg,生产日期2024December1204
生产日期2024December1204_459.jpg,生产日期2024December1204
生产日期2024December1204_460.jpg,生产日期2024December1204
生产日期2024December1204_461.jpg,生产日期2024December1204
生产日期2024December1204_462.jpg,生产日期2024December1204
生产日期2024December1204_463.jpg,生产日期2024December1204
生产日期2024December1204_464.jpg,生产日期2024December1204
生产日期2024December1204_465.jpg,生产日期2024December1204
生产日期2024December1204_466.jpg,生产日期2024December1204
生产日期2024December1204_467.jpg,生产日期2024December1204
生产日期2024December1204_468.jpg,生产日期2024December1204
生产日期2024December1204_469.jpg,生产日期2024December1204
生产日期2024December1204_470.jpg,生产日期2024December1204
生产日期2024December1204_471.jpg,生产日期2024December1204
生产日期2024December1204_472.jpg,生产日期2024December1204
生产日期2024December1204_473.jpg,生产日期2024December1204
生产日期2024December1204_474.jpg,生产日期2024December1204
生产日期2024December1204_475.jpg,生产日期2024December1204
生产日期2024December1204_476.jpg,生产日期2024December1204
生产日期2024December1204_477.jpg,生产日期2024December1204
生产日期2024December1204_478.jpg,生产日期2024December1204
生产日期2024December1204_479.jpg,生产日期2024December1204
生产日期2024December1204_480.jpg,生产日期2024December1204
生产日期2024December1204_481.jpg,生产日期2024December1204
生产日期2024December1204_482.jpg,生产日期2024December1204
生产日期2024December1204_483.jpg,生产日期2024December1204
生产日期2024December1204_484.jpg,生产日期2024December1204
生产日期2024December1204_485.jpg,生产日期2024December1204
生产日期2024December1204_486.jpg,生产日期2024December1204
生产日期2024December1204_487.jpg,生产日期2024December1204
生产日期2024December1204_488.jpg,生产日期2024December1204
生产日期2024December1204_489.jpg,生产日期2024December1204
生产日期2024December1204_490.jpg,生产日期2024December1204
生产日期2024December1204_491.jpg,生产日期2024December1204
生产日期2024December1204_492.jpg,生产日期2024December1204
生产日期2024December1204_493.jpg,生产日期2024December1204
生产日期2024December1204_494.jpg,生产日期2024December1204
生产日期2024December1204_495.jpg,生产日期2024December1204
生产日期2024December1204_496.jpg,生产日期2024December1204
生产日期2024December1204_497.jpg,生产日期2024December1204
生产日期2024December1204_498.jpg,生产日期2024December1204
生产日期2024December1204_499.jpg,生产日期2024December1204
生产日期2024December1204_500.jpg,生产日期2024December1204
生产日期2024December1204_501.jpg,生产日期2024December1204
生产日期2024December1204_502.jpg,生产日期2024December1204
生产日期2024December1204_503.jpg,生产日期2024December1204
生产日期2024December1204_504.jpg,生产日期2024December1204
生产日期2024December1204_505.jpg,生产日期2024December1204
生产日期2024December1204_506.jpg,生产日期2024December1204
生产日期2024December1204_507.jpg,生产日期2024December1204
生产日期2024December1204_508.jpg,生产日期2024December1204
生产日期2024December1204_509.jpg,生产日期2024December1204
生产日期2024December1204_510.jpg,生产日期2024December1204
生产日期2024December1204_511.jpg,生产日期2024December1204
生产日期2024December1204_512.jpg,生产日期2024December1204
生产日期2024December1204_513.jpg,生产日期2024December1204
生产日期2024December1204_514.jpg,生产日期2024December1204
生产日期2024December1204_515.jpg,生产日期2024December1204
生产日期2024December1204_516.jpg,生产日期2024December1204
生产日期2024December1204_517.jpg,生产日期2024December1204
生产日期2024December1204_518.jpg,生产日期2024December1204
生产日期2024December1204_519.jpg,生产日期2024December1204
生产日期2024December1204_520.jpg,生产日期2024December1204
生产日期2024December1204_521.jpg,生产日期2024December1204
生产日期2024December1204_522.jpg,生产日期2024December1204
生产日期2024December1204_523.jpg,生产日期2024December1204
生产日期2024December1204_524.jpg,生产日期2024December1204
生产日期2024December1204_525.jpg,生产日期2024December1204
生产日期2024December1204_526.jpg,生产日期2024December1204
生产日期2024December1204_527.jpg,生产日期2024December1204
